<?xml version="1.0" encoding="UTF-8"?>
<repomd xmlns="http://linux.duke.edu/metadata/repo" xmlns:rpm="http://linux.duke.edu/metadata/rpm">
  <revision>1685668914</revision>
  <data type="primary">
    <checksum type="sha256">6b3d75fc6f3a0dfca9790f5ca8c62efac7d0c71a54a6cd599139aeccfb577da0</checksum>
    <open-checksum type="sha256">d1b302a8313f9c64393fca4d78b022eb0d53929370f72847a3ec7cb477fc0835</open-checksum>
    <location href="repodata/6b3d75fc6f3a0dfca9790f5ca8c62efac7d0c71a54a6cd599139aeccfb577da0-primary.xml.gz"/>
    <timestamp>1685668914</timestamp>
    <size>1288</size>
    <open-size>5567</open-size>
  </data>
  <data type="filelists">
    <checksum type="sha256">a5f44ac911395815f29680b847dde327c338f3b72f44802e805c57bf3834307a</checksum>
    <open-checksum type="sha256">a7b47568f985a8504238e2683682f640c38e976dde422762acf950afbef9a197</open-checksum>
    <location href="repodata/a5f44ac911395815f29680b847dde327c338f3b72f44802e805c57bf3834307a-filelists.xml.gz"/>
    <timestamp>1685668914</timestamp>
    <size>546</size>
    <open-size>1715</open-size>
  </data>
  <data type="other">
    <checksum type="sha256">1c2091117d946b454dbfd9b87c9c750df59d688bd6ed69aeebed4e290ffa5684</checksum>
    <open-checksum type="sha256">83d4a938fbabd2c570035df4d7cc27d7127fe65d3af3ecb7927acf75de7fe0a4</open-checksum>
    <location href="repodata/1c2091117d946b454dbfd9b87c9c750df59d688bd6ed69aeebed4e290ffa5684-other.xml.gz"/>
    <timestamp>1685668914</timestamp>
    <size>453</size>
    <open-size>1203</open-size>
  </data>
  <data type="primary_db">
    <checksum type="sha256">cab1db15de0b97953e6d1c3c4e225594661f225c9a7c9b594f7b5e82bdc9c36c</checksum>
    <open-checksum type="sha256">c0059c4dbad60524edf718d38b3cf91cd24432e6d2656439e90437304074c89b</open-checksum>
    <location href="repodata/cab1db15de0b97953e6d1c3c4e225594661f225c9a7c9b594f7b5e82bdc9c36c-primary.sqlite.bz2"/>
    <timestamp>1685668914</timestamp>
    <size>2964</size>
    <open-size>106496</open-size>
    <database_version>10</database_version>
  </data>
  <data type="filelists_db">
    <checksum type="sha256">6d4dd75012f90135e521d1a9f7d35ef33c6061647235636259c3d0c0b020293d</checksum>
    <open-checksum type="sha256">07d141dccb5dde1c14b8ba706fa49e246d3d652dfcb3a924929eeb42a5e68500</open-checksum>
    <location href="repodata/6d4dd75012f90135e521d1a9f7d35ef33c6061647235636259c3d0c0b020293d-filelists.sqlite.bz2"/>
    <timestamp>1685668914</timestamp>
    <size>1441</size>
    <open-size>28672</open-size>
    <database_version>10</database_version>
  </data>
  <data type="other_db">
    <checksum type="sha256">bcde236a809de07f66e0fc186d97cbaa3d45e2aff9463c047c0f6eddb7e177ab</checksum>
    <open-checksum type="sha256">c98990395d89656584264a28d3904f400ce9af58a8b5cc1e8c47a047990cc6ff</open-checksum>
    <location href="repodata/bcde236a809de07f66e0fc186d97cbaa3d45e2aff9463c047c0f6eddb7e177ab-other.sqlite.bz2"/>
    <timestamp>1685668914</timestamp>
    <size>1022</size>
    <open-size>24576</open-size>
    <database_version>10</database_version>
  </data>
</repomd>
